03-01-01244641360,BNA1499,Niedersachsen,Erdgas,"vor 1945 /
letzte Änderung 2000",Ja,Werk Clauen,15.8,Sonderfall,,Nordzucker AG
,BNA1500,Niedersachsen,Steinkohle,"vor 1945 /
letzte Änderung 1990",Ja,Werk Uelzen,40.0,Sonderfall,,Nordzucker AG
,BNA1498,Niedersachsen,Erdgas,"vor 1945 /
letzte Änderung 1953",Ja,Werk Nordstemmen,30.6,Sonderfall,,Nordzucker AG
,BNA1868,Hessen,Erdgas,2017,Ja,HKW West M5,39.1,in Betrieb,,Mainova AG
,BNA1859,Saarland,Erdgas,2016,Ja,Ford Saarlouis,22.0,in Betrieb,,Ford-Werke GmbH
06-05-500-0875741,BNA1676,Nordrhein-Westfalen,Erdgas,2016,ja,Kraftwerk IV,60.6,in Betrieb,,Evonik Degussa GmbH
01-50-01000004838,BNA1819,Schleswig-Holstein,Erdgas,2016,Ja,Heizkraftwerk FL,75.0,in Betrieb,,Stadtwerke Flensburg GmbH
06-04-11_2001178_8_2,BNA1820,Bremen,Erdgas,2016,Nein,KW Mittelsbüren,444.5,in Betrieb,,Gemeinschaftskraftwerk Bremen GmbH und Co. KG
,BNA1862,Bayern,Erdgas,2016,Ja,Regensburg,2.7,in Betrieb,,BMW AG
06-05-100-0167182,BNA1817,Nordrhein-Westfalen,Erdgas,2016,Ja,GuD,595.0,in Betrieb,,Stadtwerke Düsseldorf AG
06-05-300-0370387,BNA1818,Nordrhein-Westfalen,Erdgas,2016,Ja,Niehl 3,459.9,in Betrieb,,RheinEnergie AG
06-02-BERZ003800,BNA1673,Hamburg,Steinkohle,2015,Ja,Moorburg A,800.0,in Betrieb,,Vattenfall GmbH
,BNA1678,Bayern,Erdgas,2015,Ja,Energiezentrale 2016,17.2,in Betrieb,,Flughafen München GmbH
06-02-BERZ003800,BNA1558,Hamburg,Steinkohle,2015,Ja,Moorburg B,800.0,in Betrieb,,Vattenfall GmbH
06-09-190-0036-0002,BNA1248b,Bayern,Erdgas,2015,ja,HKW3 UPM Schongau,65.0,in Betrieb,,UPM GmbH
03-09-09000237910,BNA1674,Niedersachsen,Steinkohle,2015,Nein,Kraftwerk Wilhelmshaven,731.0,in Betrieb,,ENGIE Deutschland AG
06-08-2948214,BNA0646b,Baden-Württemberg,Steinkohle,2015,Ja,GKM ,843.0,in Betrieb,,Grosskraftwerk Mannheim AG
03-01-01241117210,BNA1677,Niedersachsen,Erdgas,2015,ja,BHKW Braunschweig,10.4,in Betrieb,,Volkswagen AG
,BNA1531,Mecklenburg-Vorpommern,Erdgas,2014,Ja,Industriekraftwerk Greifswald,37.7,in Betrieb,,Industriekraftwerk Greifswald GmbH
03-03-03030273580,BNA0918b,Niedersachsen,Erdgas,2014,Ja,Dow Stade,173.0,in Betrieb,,Dow Deutschland Anlagengesellschaft mbH
06-08-2797933,BNA0518b,Baden-Württemberg,Steinkohle,2014,Ja,Rheinhafen-Dampfkraftwerk,834.0,in Betrieb,,EnBW AG
03-09-09261732970,BNA1671,Niedersachsen,Erdgas,2014,Ja,,17.1,in Betrieb,,Kronos Titan GmbH
14-70-51322590000,BNA1556,Sachsen,Erdgas,2014,Ja,,36.0,in Betrieb,,Sachsenmilch Leppersdorf GmbH
06-09-500-0112-0001,BNA0261c,Bayern,Erdgas,2014,Ja,HKW Erlangen,6.7,in Betrieb,,Erlanger Stadtwerke AG
,BNA1863,Saarland,Erdgas,2014,Ja,Gasturbinen-HKW St. Wendel,15.1,in Betrieb,,Fresenius Medical Care Deutschland GmbH
,BNA0111,Nordrhein-Westfalen,Erdgas,2014,Ja,HKW Hiltrop,44.0,in Betrieb,,Stadtwerke Bochum Holding GmbH
16-30-30400102003,BNA0256b,Thüringen,Erdgas,2014,Ja,HKW Erfurt-Ost,32.6,in Betrieb,,SWE Energie GmbH
,BNA1557,Sachsen,Erdgas,2014,Ja,,12.9,in Betrieb,,Volkswagen Sachsen GmbH 
06-05-900-0079017,BNA0413b,Nordrhein-Westfalen,Steinkohle,2014,Nein,Westfalen,765.0,stillgelegt,2016,RWE AG
06-05-900-0079017,BNA0413c,Nordrhein-Westfalen,Steinkohle,2014,Nein,Westfalen,763.7,in Betrieb,,RWE AG
06-04-11_2001178_8_0,BNA0144,Bremen,Steinkohle,2014,Ja,KW Hastedt,119.0,in Betrieb,,swb Erzeugung GmbH & Co. KG
,BNA1810,Niedersachsen,Erdgas,2014,Ja,,30.2,in Betrieb,,Exxon Mobil Production Deutschland GmbH
,BNA1292b,Baden-Württemberg,Erdgas,2014,Ja,IHKW Heidenheim,18.9,in Betrieb,,Sales & Solutions GmbH
,BNA0051,Sachsen-Anhalt,Erdgas,2013,Ja,KWK-Anlage Barby,17.8,in Betrieb,,Cargill Deutschland GmbH
06-05-300-9046030,BNA0548b,Nordrhein-Westfalen,Erdgas,2013,Nein,Knapsack Gas II,430.0,in Betrieb,,Statkraft Markets GmbH
14-20-60319980000,BNA1541,Sachsen,Erdgas,2013,Ja,HKW Freiberg,13.4,in Betrieb,,Freiberger Erdgas GmbH
12305,BNA0392b,Sachsen-Anhalt,Erdgas,2013,Ja,HKW Halle Trotha,54.0,in Betrieb,,Heizkraftwerk Halle-Trotha GmbH
06-00004310411,BNA1487,Hessen,Erdgas,2013,Nein,GTKW Darmstadt,94.6,Netzreserve,,Entega AG
,BNA1504,Rheinland-Pfalz,Erdgas,2013,Ja,BHKW,13.0,in Betrieb,,Daimler AG
06-90031210632,BNA0804b,Hessen,Erdgas,2013,Ja,Hattorf,17.3,in Betrieb,,K+S AG
06-09-661-0020-0001,BNA1337e,Bayern,Erdgas,2013,Ja,GuD-Anlage,47.0,in Betrieb,,DS Smith Paper Deutschland GmbH
06-26200010633,BNA0059b,Hessen,Erdgas,2013,Ja,"GuD Baunatal, VW Werksgelände",78.0,in Betrieb,,Volkswagen AG
06-05-100-0365906,BNA0216b,Nordrhein-Westfalen,Steinkohle,2013,Ja,KW Walsum,725.0,in Betrieb,,STEAG-EVN Walsum 10 Kraftwerksgesellsellschaft mbH
06-05-300-0838652,BNA0117b,Nordrhein-Westfalen,Erdgas,2013,Ja,Heizkraftwerk Karlstraße,95.0,in Betrieb,,Energie- und Wasserversorgung Bonn/Rhein-Sieg GmbH
06-05-900-9141660,BNA1508,Nordrhein-Westfalen,Steinkohle,2013,Ja,Trianel Kohlekraftwerk Lünen,735.0,in Betrieb,,Trianel Kohlekraftwerk Lünen GmbH & Co. KG
06-09-100-0020-0001,BNA0842b,Bayern,Erdgas,2013,Ja,Gasmotor 4,9.2,in Betrieb,,Stadtwerke Rosenheim GmbH & Co. KG
,BNA1503,Nordrhein-Westfalen,Erdgas,2012,Ja,BHKW H.120,21.1,in Betrieb,,Daimler AG
03-03-03267770260,BNA1437,Niedersachsen,Erdgas,2012,Ja,KWK AOS GmbH,30.7,in Betrieb,,Aluminium Oxid Stade GmbH
06-05-100-0248923,BNA1401a,Nordrhein-Westfalen,Braunkohle,2012,Nein,BoA 2,1060.0,in Betrieb,,RWE AG
06-05-100-0248923,BNA1401b,Nordrhein-Westfalen,Braunkohle,2012,Nein,BoA 3,1060.0,in Betrieb,,RWE AG
06-00453010412,BNA0497,Hessen,Erdgas,2012,Ja,ADS-Anlage,96.5,in Betrieb,,Infraserv GmbH & Co. Höchst KG
,BNA0843,Bayern,Erdgas,2012,Ja,Gasmotor 5,4.3,in Betrieb,,Stadtwerke Rosenheim GmbH & Co. KG
,BNA1464,Saarland,Erdgas,2012,ja,Gas- u. Dampfturbinenanlage Südraum,38.6,in Betrieb,,ZF Friedrichshafen AG
14-70-46630660001,BNA1404,Sachsen,Braunkohle,2012,Nein,Boxberg,640.0,in Betrieb,,Lausitz Energie Kraftwerke AG
06-76400010631,BNA1492b,Hessen,Erdgas,2012,Ja,Kraftwerk 2,8.0,in Betrieb,,Papierfabrik Adolf Jass Schwarza GmbH
03-10-10257673950,BNA0602,Niedersachsen,Erdgas,2011,Ja,Emsland,116.0,in Betrieb,,RWE AG
06-10-0075248,BNA0252,Saarland,Steinkohle,2011,Nein,Kraftwerk Ensdorf,283.0,in Betrieb,,Gemeinschaft nach Bruchteilen der Saarstahl AG (SAG) und Saarschmiede GmbH Freiformschmiede (SSF)
,BNA1131,Nordrhein-Westfalen,Erdgas,2011,Nein,"MT, Düren",14.0,in Betrieb,,Metsä Tissue GmbH (Werk Düren)
,BNA1861,Bayern,Erdgas,2011,Ja,Regensburg,10.5,in Betrieb,,BMW AG
06-09-100-0020-0001,BNA0842a,Bayern,Erdgas,2011,Ja,Gasmotore,9.8,in Betrieb,,Stadtwerke Rosenheim GmbH & Co. KG
06-09-100-0001-0002,BNA0995,Bayern,Erdgas,2011,Nein,"Ulrich Hartmann
(Irsching)",561.0,Netzreserve,,Uniper SE
03-10-10257673950,BNA0603,Niedersachsen,Erdgas,2011,Ja,Emsland,116.0,in Betrieb,,RWE AG
,BNA0832,Baden-Württemberg,Erdgas,2011,Ja,BHKW-Hauffstraße,9.8,in Betrieb,,FairEnergie GmbH
06-09-100-0001-0002,BNA0994,Bayern,Erdgas,2010,Nein,Gemeinschaftskraftwerk Irsching ,846.0,Netzreserve,,Uniper SE
,BNA0136,Niedersachsen,Erdgas,2010,Ja,HKW-Mitte,74.0,in Betrieb,,Braunschweiger Versorgungs-AG & Co. KG
06-05-300-0923949,BNA0543,Nordrhein-Westfalen,Braunkohle,2010,Ja,HKW Merkenich,75.3,in Betrieb,,RheinEnergie AG
06-09-271-0260-0001,BNA0805,Bayern,Erdgas,2010,Ja,Kraftwerk Plattling,97.9,in Betrieb,,Daimler AG
03-10-10257673950,BNA0606,Niedersachsen,Erdgas,2010,Ja,Emsland,887.0,in Betrieb,,RWE AG
,BNA0011,Baden-Württemberg,Steinkohle,2009,Ja,Papierfabrik Albbruck,28.0,stillgelegt,2012,Papierfabrik Albbruck GmbH
,BNA0913,Sachsen,Erdgas,2009,Nein,GuD Anlage Spreetal,50.0,stillgelegt,2012,Alpiq Spreetal GmbH
06-08-1371304,BNA0934,Baden-Württemberg,Steinkohle,2009,Ja,Heizkraftwerk Stuttgart-Gaisburg,22.6,in Betrieb,,EnBW AG
06-09-600-0025-0001,BNA1087,Bayern,Erdgas,2009,Ja,Heizkraftwerke an der Friedensbrücke,29.5,in Betrieb,,Heizkraftwerk Würzburg GmbH
06-02-B10117A007,BNA0400,Hamburg,Erdgas,2009,Ja,GuD Tiefstack,127.0,in Betrieb,,Vattenfall GmbH
06-09-674-2071-0001,BNA0243,Bayern,Erdgas,2008,Ja,HKW Eltmann,57.0,in Betrieb,,Palm Power GmbH & Co. KG
06-05-900-9140178,BNA0411,Nordrhein-Westfalen,Erdgas,2008,Nein,Trianel Gaskraftwerk ,420.9,in Betrieb,,Trianel Gaskraftwerk Hamm GmbH & Co. KG 
07-05-8779480,BNA1078,Rheinland-Pfalz,Erdgas,2008,Ja,HKW Wörth,59.0,in Betrieb,,Palm Power GmbH & Co. KG
06-05-900-9140178,BNA0410,Nordrhein-Westfalen,Erdgas,2008,Nein,Trianel Gaskraftwerk ,417.1,in Betrieb,,Trianel Gaskraftwerk Hamm GmbH & Co. KG 
06-05-900-0125939,BNA0442,Nordrhein-Westfalen,Erdgas,2007,Nein,Cuno Heizkraftwerk Herdecke,417.0,in Betrieb,,Mark-E AG / Statkraft Markets
,BNA1407,Sachsen,Erdgas,2007,Ja,STW,13.5,in Betrieb,,Schoeller Technocell GmbH & Co. KG
06-05-300-9046030,BNA0548a,Nordrhein-Westfalen,Erdgas,2006,Nein,Knapsack Gas I,800.0,in Betrieb,,Statkraft Markets GmbH
,BNA1507,Rheinland-Pfalz,Erdgas,2006,Ja,,10.7,in Betrieb,,"Michelin Reifenwerke AG & Co. KGaA 
Standort Bad Kreuznach"
,BNA1023,Nordrhein-Westfalen,Erdgas,2006,Nein,Weisweiler,200.0,in Betrieb,,RWE AG
,BNA1024,Nordrhein-Westfalen,Erdgas,2006,Nein,Weisweiler,200.0,in Betrieb,,RWE AG
06-10-0020157,BNA0861a,Saarland,Erdgas,2005 / 2012,Ja,HKW Römerbrücke,75.0,in Betrieb,,Energie SaarLorLux AG
06-05-100-0030712,BNA1082,Nordrhein-Westfalen,Erdgas,2005,Ja,HKW Barmen,82.0,in Betrieb,,WSW Energie & Wasser AG
06-05-300-0370387,BNA0545,Nordrhein-Westfalen,Erdgas,2005,Ja,HKW Niehl 2,413.0,in Betrieb,,RheinEnergie AG
06-05-100-0229264,BNA0214,Nordrhein-Westfalen,Erdgas,2005,Ja,HKW III/B,234.0,in Betrieb,,Stadtwerke Duisburg AG
16874,BNA1461,Sachsen-Anhalt,Braunkohle,2005,Ja,,17.5,in Betrieb,,CropEnergies Bioethanol GmbH Zeitz
12305,BNA0392a,Sachsen-Anhalt,Erdgas,2005,Ja,HKW Halle Trotha,97.0,in Betrieb,,EVH GmbH
07-05-8290552,BNA0614b,Rheinland-Pfalz,Erdgas,2005,Ja,Kraftwerk Mitte,497.5,in Betrieb,,BASF SE
,BNA1121,Nordrhein-Westfalen,Erdgas,2005,Ja,Energiezentrale,0.9,in Betrieb,,RÜTGERS InfraTec GmbH
06-08-2951606,BNA1200,Baden-Württemberg,Erdgas,2005,Ja,GuD-Kraftwerk,17.2,Netzreserve,,Energie- und Medienversorgung Sandhofer Straße GmbH & Co. KG
06-09-500-0354-0002,BNA0742,Bayern,Erdgas,2005,Ja,HKW Sandreuth,75.0,in Betrieb,,N-ERGIE AG
06-09-500-0112-0001,BNA0261a,Bayern,Erdgas,2005,Ja,HKW Erlangen,21.6,in Betrieb,,Erlanger Stadtwerke AG
06-09-600-0025-0001,BNA1088,Bayern,Erdgas,2005,Ja,Heizkraftwerke an der Friedensbrücke,44.5,in Betrieb,,Heizkraftwerk Würzburg GmbH
,BNA1275,Baden-Württemberg,Erdgas,2005,Ja,Kraftwerk Freudenberg Weinheim,21.0,stillgelegt,2013,Freudenberg Service KG
06-08-2948214,BNA0644,Baden-Württemberg,Steinkohle,2005,Ja,GKM ,255.0,in Betrieb,,Grosskraftwerk Mannheim AG
06-09-500-0354-0002,BNA0743,Bayern,Erdgas,2005,Ja,HKW Sandreuth,75.0,in Betrieb,,N-ERGIE AG
,BNA0100,Nordrhein-Westfalen,Erdgas,2005,ja,GuD Kraftwerk Hillegossen,37.5,in Betrieb,,Stadtwerke Bielefeld GmbH
06-00464020412,BNA0285,Hessen,Erdgas,2005,Ja,HKW Niederrad,70.0,in Betrieb,,Mainova AG
,BNA1866,Sachsen,Erdgas,2005,Ja,,33.9,in Betrieb,,Zweite Energieversorgungscenter Dresden-Wilschdorf GmbH & Co. KG
,BNA0685,Nordrhein-Westfalen,Erdgas,2005,Ja,Heizkraftwerk Hafen,100.2,in Betrieb,,Stadtwerke Münster GmbH
06-05-100-0018507,BNA0556a,Nordrhein-Westfalen,Erdgas,2005,Ja,KWK-Anlage Krefeld DT,25.8,in Betrieb,,Cargill Deutschland GmbH
,BNA0527,Schleswig-Holstein,Erdgas,2005,Ja,HKW Humboldtstr.,21.5,in Betrieb,,Stadtwerke Kiel AG
06-05-900-0021170,BNA0110,Nordrhein-Westfalen,Erdgas,2004,Ja,Bochum,20.7,in Betrieb,,RWE AG
06-05-300-0923949,BNA0546,Nordrhein-Westfalen,Erdgas,2004,Ja,HKW Merkenich,108.0,in Betrieb,,RheinEnergie AG
,BNA0033,Bayern,Erdgas,2004,Ja,Gasturbine,30.7,in Betrieb,,Stadtwerke Augsburg Energie GmbH
,BNA1165,Nordrhein-Westfalen,Erdgas,2004,ja,P&L Werk Appeldorn,11.4,in Betrieb,,Pfeifer & Langen GmbH & Co. KG
,BNA0202,Nordrhein-Westfalen,Erdgas,2004,Ja,Dortmund,26.0,in Betrieb,,RWE AG
06-09-100-0088-0005,BNA0684a,Bayern,Erdgas,2004,Ja,Süd GT 61,124.9,in Betrieb,,SWM Services GmbH
06-09-100-0088-0005,BNA0684b,Bayern,Erdgas,2004,Ja,Süd GT 62,123.9,in Betrieb,,SWM Services GmbH
06-09-100-0088-0005,BNA0684c,Bayern,Erdgas,2004,Ja,Süd DT60,127.6,in Betrieb,,SWM Services GmbH
,BNA1164,Nordrhein-Westfalen,Braunkohle,2004,ja,P&L Werk Jülich,24.6,in Betrieb,,Pfeifer & Langen GmbH & Co. KG
06-08-34064722,BNA0361,Baden-Württemberg,Erdgas,2004,Ja,Kraftwerk Grenzach-Wyhlen,40.0,in Betrieb,,KGW - Kraftwerk Grenzach-Wyhlen GmbH
,BNA1056,Hessen,Erdgas,2003 / 2006,Ja,Wi-Biebrich,25.0,in Betrieb,,InfraServ GmbH & Co. Wiesbaden KG
06-00453010412,BNA0499,Hessen,Erdgas,2003,Ja,Heizkraftwerk,86.0,in Betrieb,,Infraserv GmbH & Co. Höchst KG
,BNA1196b,Rheinland-Pfalz,Erdgas,2003,Ja,Industriekraftwerk Ludwigshafen,12.0,in Betrieb,,MVV Energie AG
,BNA1327b,Bayern,Erdgas,2003,Ja,Erweiterung Energiezentrale 2003,7.4,in Betrieb,,Flughafen München GmbH
,BNA1196a,Rheinland-Pfalz,Erdgas,2003,Ja,BHKW Ludwigshafen,12.0,in Betrieb,,MVV Energie AG
06-05-100-0229264,BNA0213,Nordrhein-Westfalen,Erdgas,2002,Ja,HKW III/A,40.0,in Betrieb,,Stadtwerke Duisburg AG
06-09-171-0002--C01,BNA0174,Bayern,Erdgas,2002,Ja,Industriepark Werk Gendorf,62.0,in Betrieb,,InfraServ GmbH & Co. Gendorf KG
,BNA1151,Baden-Württemberg,Erdgas,2002,Ja,KWKK Heidelberg,13.5,in Betrieb,,RWE AG
06-05-300-0326774,BNA0709,Nordrhein-Westfalen,Braunkohle,2002,Nein,Niederaußem,944.0,in Betrieb,,RWE AG
06-09-187-4048-0001,BNA1328,Bayern,Erdgas,2001,Ja,HBB,24.0,in Betrieb,,HBB Heizkraftwerk Bauernfeind Betreibergesellschaft mbh
,BNA1183,Nordrhein-Westfalen,Erdgas,2001,Ja,HKW Merheim,15.8,in Betrieb,,RheinEnergie AG
06-08-3610519,BNA1315,Baden-Württemberg,Erdgas,2001,Ja,HKW,27.0,in Betrieb,,Universitätsklinikum Freiburg AdöR
07-04-6021280,BNA0626,Rheinland-Pfalz,Erdgas,2001,Ja,Kraftwerk Mainz,434.2,in Betrieb,,Kraftwerke Mainz-Wiesbaden AG
06-09-171-0009-0B01,BNA0172a,Bayern,Erdgas,2001,Ja,Burghausen 01 - GT,120.0,in Betrieb,,Wacker Chemie AG
,BNA1193,Nordrhein-Westfalen,Erdgas,2001,ja,HKW-West,12.8,in Betrieb,,Stadtwerke Lemgo GmbH
03-01-01241117210,BNA1075a,Niedersachsen,Steinkohle,2000,Ja,HKW Nord,61.5,in Betrieb,,Volkswagen AG
12342,BNA0105,Sachsen-Anhalt,Erdgas,2000,Ja,GuD Bitterfeld,106.0,in Betrieb,,envia THERM GmbH
03-01-01241117210,BNA1075b,Niedersachsen,Steinkohle,2000,Ja,HKW Nord,61.5,in Betrieb,,Volkswagen AG
16-30-30400102003,BNA0256a,Thüringen,Erdgas,2000,Ja,HKW Erfurt-Ost,76.5,in Betrieb,,SWE Energie GmbH
,BNA1450,Niedersachsen,Erdgas,2000,Ja,GUD-Anlage DREWSEN,13.0,in Betrieb,,DREWSEN SPEZIALPAPIERE GmbH & Co. KG
,BNA1238,Bayern,Erdgas,2000,ja,Kraftwerk Meggle,15.5,in Betrieb,,Molkerei MEGGLE Wasserburg GmbH & Co. KG
14-80-00009560000,BNA0115,Sachsen,Braunkohle,2000,Ja,Lippendorf,875.0,in Betrieb,,Lausitz Energie Kraftwerke AG
,BNA0199,Nordrhein-Westfalen,Erdgas,2000,Ja,Dormagen,585.5,in Betrieb,,RWE AG
,BNA0957,Baden-Württemberg,Erdgas,2000,Ja,BHKW Obere Viehweide,13.4,in Betrieb,,Stadtwerke Tübingen GmbH
14-70-46630660001,BNA0124,Sachsen,Braunkohle,2000,Ja,Boxberg,857.0,in Betrieb,,Lausitz Energie Kraftwerke AG
,BNA1138,Nordrhein-Westfalen,Erdgas,2000,Ja,BHKW an Klinkerweg,10.2,in Betrieb,,Stadtwerke Erkrath GmbH
06-05-100-0167182,BNA0220,Nordrhein-Westfalen,Erdgas,2000,Ja,GuD,100.0,in Betrieb,,Stadtwerke Düsseldorf AG
14-80-00009560000,BNA0116,Sachsen,Braunkohle,1999,Ja,Braunkohlekraftwerk Lippendorf,875.0,in Betrieb,,EnBW AG
,BNA1403,Sachsen-Anhalt,Erdgas,1999,Ja,Steinitz,11.4,in Betrieb,,ENGIE E&P Deutschland GmbH
06-00004310411,BNA1125,Hessen,Erdgas,1999,Ja,Heizkraftwerk,10.0,in Betrieb,,Merck KGaA
,BNA1117,Hessen,Erdgas,1999,Ja,Industriekraftwerk Breuberg,11.4,in Betrieb,,Industriekraftwerk Breuberg GmbH
12-40520430000,BNA0183,Brandenburg,Braunkohle,1999,Ja,HKW Cottbus,74.0,in Betrieb,,HKW Heizkraftwerksgesellschaft Cottbus mbH
,BNA0857,Hessen,Erdgas,1999,Ja,GuD-Anlage Rüsselsheim,112.1,in Betrieb,,Opel Automobile GmbH 
,BNA0418,Niedersachsen,Erdgas,1998 / 2013,Ja,GKL,230.0,in Betrieb,,Stadtwerke Hannover AG
06-08-2797933,BNA0514,Baden-Württemberg,Erdgas,1998,Nein,Rheinhafen-Dampfkraftwerk,353.0,Netzreserve,,EnBW AG
12-40716440000,BNA0915,Brandenburg,Braunkohle,1998,Ja,Schwarze Pumpe,750.0,in Betrieb,,Lausitz Energie Kraftwerke AG
14-70-52316700250,BNA1396,Sachsen,Erdgas,1998,Ja,EVC / GLOBALFOUNDRIES,34.3,in Betrieb,,Energieversorgungscenter Dresden-Wilschdorf GmbH & Co. KG
06-08-9840001,BNA0293,Baden-Württemberg,Erdgas,1998,Ja,GuD Anlage WVK,60.1,in Betrieb,,Solvay Acetow GmbH
13770,BNA0592,Sachsen-Anhalt,Erdgas,1998,Nein,GuD Leuna,39.0,in Betrieb,,InfraLeuna GmbH
,BNA1128,Bayern,Erdgas,1998,Ja,GHD,6.7,in Betrieb,,GHD Bayernwerk Natur GmbH & Co. KG
,BNA0354,Niedersachsen,Erdgas,1998,Ja,HKW Göttingen,18.8,in Betrieb,,Georg-August-Universität Göttingen Stiftung Öffentlichen Rechts
,BNA1127,Bayern,Erdgas,1998,Ja,GHD,6.7,in Betrieb,,GHD Bayernwerk Natur GmbH & Co. KG
13-50-138,BNA0688,Mecklenburg-Vorpommern,Erdgas,1997,Ja,GuD-HKW Neubrandenburg,75.0,in Betrieb,,Neubrandenburger Stadtwerke GmbH
,BNA1074,Sachsen-Anhalt,Erdgas,1997,Nein,Spitzenlastkraftwerk Wolfen,40.0,in Betrieb,,envia THERM GmbH
,BNA0129,Brandenburg,Erdgas,1997,Ja,HKW,36.0,in Betrieb,,Stadtwerke Brandenburg an der Havel GmbH
12-40716440000,BNA0914,Brandenburg,Braunkohle,1997,Ja,Schwarze Pumpe,750.0,in Betrieb,,Lausitz Energie Kraftwerke AG
06-08-1741292,BNA0019,Baden-Württemberg,Steinkohle,1997,Ja,Heizkraftwerk Altbach/Deizisau,336.0,in Betrieb,,EnBW AG
12-30532000000,BNA0284,Brandenburg,Braunkohle,1997,Ja,Heizkraftwerk FFO,45.0,in Betrieb,,Stadtwerke Frankfurt (Oder) GmbH
07-05-8290552,BNA0615,Rheinland-Pfalz,Erdgas,1997,Ja,Kraftwerk Süd,410.0,in Betrieb,,BASF SE
06-08-1741292,BNA0015,Baden-Württemberg,Erdgas,1997,Ja,Heizkraftwerk Altbach/Deizisau,65.0,in Betrieb,,EnBW AG
,BNA0255,Thüringen,Erdgas,1996,Ja,HKW Iderhoffstraße,11.0,in Betrieb,,SWE Energie GmbH
03-10-10257401440,BNA1509,Niedersachsen,Erdgas,1996,Ja,BP Werk Lingen,66.0,in Betrieb,,BP Europa SE
06-05-300-0215520,BNA1279,Nordrhein-Westfalen,Erdgas,1996,Ja,Gasturbine,51.9,in Betrieb,,Basell Polyolefine GmbH
,BNA0702,Bayern,Erdgas,1996,Ja,Cogeneration,25.4,Sonderfall,,Bayernoil Raffineriegesellschaft mbH
07-05-8030815,BNA0510b,Rheinland-Pfalz,Steinkohle,1996,Ja,HKW Karcherstr.,13.4,in Betrieb,,SWK - Stadtwerke Kaiserslautern
12358,BNA0878,Sachsen-Anhalt,Braunkohle,1996,Ja,Schkopau,450.0,in Betrieb,,Uniper SE
12358,BNA0879,Sachsen-Anhalt,Braunkohle,1996,Ja,Schkopau,450.0,in Betrieb,,Uniper SE
18042,BNA1089,Sachsen-Anhalt,Erdgas,1996,Ja,Zielitz,52.0,in Betrieb,,K+S AG
16-30-31400103005,BNA0343,Thüringen,Erdgas,1996,Ja,Heizkraftwerk Gera-Nord,74.0,in Betrieb,,Energieversorgung Gera GmbH
14326,BNA0922,Sachsen-Anhalt,Erdgas,1996,Ja,GuD-Ikw Staßfurt,123.0,in Betrieb,,CIECH Energy Deutschland GmbH
,BNA0504,Thüringen,Erdgas,1996,Ja,HKW Jena,182.0,in Betrieb,,Thüringer Energie AG
06-11-01-1105503,BNA0073,Berlin,Erdgas,1996,Ja,Mitte,444.0,in Betrieb,,Vattenfall GmbH
06-05-900-0235121,BNA0156b,Nordrhein-Westfalen,Erdgas,1996,Ja,Egger Kraftwerk Brilon,13.5,in Betrieb,,Egger Holzwerkstoffe Brilon GmbH & Co. KG
,BNA0360,Mecklenburg-Vorpommern,Erdgas,1996,Ja,"HKW ""Helmshäger Berg""",14.7,in Betrieb,,Energieerzeugungsgesellschaft Greifswald GmbH
13-30-2102110,BNA0848,Mecklenburg-Vorpommern,Erdgas,1996,Ja,GuD Marienehe,108.0,in Betrieb,,Stadtwerke Rostock AG
,BNA0814,Brandenburg,Erdgas,1996,Ja,HKW Potsdam-Süd,81.8,in Betrieb,,Energie und Wasser Potsdam GmbH
14326,BNA0922a,Sachsen-Anhalt,Erdgas,1996,Ja,GuD-Ikw Staßfurt,9.0,stillgelegt,2015,CIECH Energy Deutschland GmbH
14-30-55047380000,BNA0588,Sachsen,Erdgas,1996,Ja,Heizkraftwerk Leipzig-Nord,167.0,in Betrieb,,Stadtwerke Leipzig GmbH
12110,BNA0194,Sachsen-Anhalt,Braunkohle,1996,Ja,Kraftwerk Dessau,49.0,in Betrieb,,Kraftwerk Dessau GmbH
06-05-300-0181417,BNA1293a,Nordrhein-Westfalen,Braunkohle,1995,ja,Kraftwerk,10.0,vorläufig stillgelegt,,Martinswerk GmbH
,BNA0755b,Bayern,Erdgas,1995,Ja,Obernburg,64.0,in Betrieb,,Kraftwerk Obernburg GmbH
,BNA1444d,Bayern,Erdgas,1995,ja,GT4 ,5.1,in Betrieb,,Prinovis GmbH & Co. KG
,BNA1264,Thüringen,Erdgas,1995,Ja,HKW Bohrhügel,13.5,in Betrieb,,Stadtwerke Suhl/Zella-Mehlis GmbH
,BNA1402,Niedersachsen,Erdgas,1995,ja,Heizkraftwerk zur Papierfabrik,18.1,in Betrieb,,Delkeskamp Verpackungswerke GmbH
06-05-100-0990908,BNA0753,Nordrhein-Westfalen,Erdgas,1995,Ja,HKW 2,24.5,in Betrieb,,Energieversorgung Oberhausen AG
,BNA0207,Sachsen,Erdgas,1995,Ja,HKW Dresden-Nossener Brücke,260.0,in Betrieb,,DREWAG Stadtwerke Dresden GmbH
06-05-100-0387357,BNA1332,Nordrhein-Westfalen,Erdgas,1995,Ja,INEOS Kraftwerk,24.0,in Betrieb,,INEOS Solvents Germany GmbH
06-05-100-0018507,BNA0556b,Nordrhein-Westfalen,Erdgas,1995,Ja,KWK-Anlage Krefeld VM,14.0,in Betrieb,,Cargill Deutschland GmbH
06-05-300-0181417,BNA1293c,Nordrhein-Westfalen,Erdgas,1995,Ja,Kraftwerk,3.0,vorläufig stillgelegt,,Martinswerk GmbH
06-05-300-0181417,BNA1293b,Nordrhein-Westfalen,Braunkohle,1995,Ja,Kraftwerk,10.0,in Betrieb,,Martinswerk GmbH
,BNA0286,Hessen,Erdgas,1994,Ja,HKW West,99.0,in Betrieb,,Mainova AG
,BNA0386,Nordrhein-Westfalen,Erdgas,1994,Ja,Energiezentrum Mohn Media,22.0,in Betrieb,,Mohn Media Mohndruck GmbH
13770,BNA0594,Sachsen-Anhalt,Erdgas,1994,Ja,ILK-GuD,35.0,in Betrieb,,TOTAL Raffinerie Mitteldeutschland GmbH
13770,BNA0595,Sachsen-Anhalt,Erdgas,1994,Ja,ILK-GuD,37.0,in Betrieb,,InfraLeuna GmbH
06-05-300-0054298,BNA0544,Nordrhein-Westfalen,Erdgas,1994,Ja,HKW Südstadt,35.0,in Betrieb,,RheinEnergie AG
13-40-1300408,BNA0896,Mecklenburg-Vorpommern,Erdgas,1994,Ja,HKW Schwerin Süd,44.9,in Betrieb,,Energieversorgung Schwerin GmbH & Co. Erzeugung KG
13770,BNA0593,Sachsen-Anhalt,Erdgas,1994,Ja,ILK-GuD,35.0,in Betrieb,,InfraLeuna GmbH
16591,BNA0088a,Sachsen-Anhalt,Erdgas,1994,Ja,Industriekraftwerk Bernburg (IKB),66.0,in Betrieb,,Solvay Chemicals GmbH
15397,BNA1506,Sachsen-Anhalt,Erdgas,1994,Nein,Werk Klein Wanzleben,23.4,Sonderfall,,Nordzucker AG
12-40669070000,BNA0893,Brandenburg,Erdgas,1994,Ja,GuD Schwarzheide,122.0,in Betrieb,,BASF Schwarzheide GmbH
12-60510410000,BNA0130,Brandenburg,Erdgas,1994,Nein,Kirchmöser,160.0,in Betrieb,,Uniper SE
13-30-1010101,BNA0849,Mecklenburg-Vorpommern,Steinkohle,1994,Ja,KNG Kraftwerk Rostock,514.0,in Betrieb,,EnBW AG
,BNA1105,Thüringen,Erdgas,1994,Ja,HKW Bad Salzungen,9.7,in Betrieb,,Thüringer Energie AG
,BNA1489,Sachsen-Anhalt,Erdgas,1994,ja,Heizkraftwerk Stendal,22.0,in Betrieb,,"Stadtwerke - Altmärkische Gas-, Wasser- u. E-Werke Stendal GmbH"
18040,BNA1002,Sachsen-Anhalt,Braunkohle,1994,Ja,Wählitz,31.0,in Betrieb,,Mitteldeutsche Braunkohlengesellschaft mbH
,BNA0897,Mecklenburg-Vorpommern,Erdgas,1994,Ja,HKW Schwerin Lankow,23.0,in Betrieb,,Energieversorgung Schwerin GmbH & Co. Erzeugung KG
,BNA1444c,Bayern,Erdgas,1994,ja,GT3 ,5.1,in Betrieb,,Prinovis GmbH & Co. KG
06-04-11_2001178_8_2,BNA1334,Bremen,Erdgas,1993 und 2002,Ja,KWK-Anlage,14.8,in Betrieb,,CR3-Kaffeeveredelung M. Hermsen GmbH
,BNA1185,Sachsen-Anhalt,Braunkohle,1993,ja,P&L Werk Könnern,20.3,in Betrieb,,Pfeifer & Langen GmbH & Co. KG
,BNA1329,Sachsen,Erdgas,1993,Ja,K&N PFK AG EV,12.8,in Betrieb,,Kübler & Niethammer Papierfabrik Kriebstein AG
16873,BNA1400a,Sachsen-Anhalt,Braunkohle,1993,Ja,EZ1,23.3,in Betrieb,,"Südzucker AG, Werk Zeitz"
14-30-56918040000,BNA0233,Sachsen,Erdgas,1993,Ja,Kombikraftwerk,46.6,in Betrieb,,Stora Enso Sachsen GmbH
06-05-800-0203946,BNA0490b,Nordrhein-Westfalen,Braunkohle,1993,Ja,Goldenberg,45.0,stillgelegt,2015,RWE AG
06-02-B10132A001,BNA0402,Hamburg,Steinkohle,1993,Ja,Tiefstack,194.0,in Betrieb,,Vattenfall GmbH
,BNA0025,Mecklenburg-Vorpommern,Erdgas,1993,Ja,Kesselhaus Zuckerfabrik,15.1,in Betrieb,,Suiker Unie GmbH & Co. KG
,BNA1444b,Bayern,Erdgas,1993,ja,GT2 ,4.2,in Betrieb,,Prinovis GmbH & Co. KG
,BNA1444a,Bayern,Erdgas,1993,ja,GT1 ,4.2,in Betrieb,,Prinovis GmbH & Co. KG
06-08-2948214,BNA0646a,Baden-Württemberg,Steinkohle,1993,Ja,GKM ,435.0,in Betrieb,,Grosskraftwerk Mannheim AG
06-09-600-0025-0001,BNA1086,Bayern,Erdgas,1993,Ja,Heizkraftwerke an der Friedensbrücke,25.0,in Betrieb,,Heizkraftwerk Würzburg GmbH
,BNA1505,Thüringen,Erdgas,1993,Ja,HKW Wiesengrund,22.1,in Betrieb,,Opel Automobile GmbH
06-05-800-0203946,BNA0490a,Nordrhein-Westfalen,Braunkohle,1993,Ja,Goldenberg,0.0,Sonderfall,,RWE AG
07-05-8290552,BNA0614a,Rheinland-Pfalz,Erdgas,1992,Ja,KW Mitte,47.0,in Betrieb,,BASF SE
07-01-126351,BNA1523a,Rheinland-Pfalz,Erdgas,1992,Ja,Gemeinschaftskraftwerk Weig,42.0,in Betrieb,,Moritz J. Weig GmbH & Co KG
07-05-8153238,BNA1516,Rheinland-Pfalz,Erdgas,1992,Ja,HKW 1 Werk Offstein,30.0,in Betrieb,,Südzucker AG Mannheim
06-00176010435,BNA0377,Hessen,Steinkohle,1992,Ja,Staudinger,510.0,in Betrieb,,Uniper SE
,BNA1327a,Bayern,Erdgas,1992,Ja,Energiezentrale 1992,11.1,Sonderfall,,Flughafen München GmbH
,BNA1406,Nordrhein-Westfalen,Erdgas,1992,Ja,FS-Karton,18.9,in Betrieb,,FS-Karton GmbH
01-50-01000004838,BNA0270,Schleswig-Holstein,Steinkohle,1992,ja,Heizkraftwerk FL,27.0,in Betrieb,,Stadtwerke Flensburg GmbH
06-05-800-0203946,BNA0489,Nordrhein-Westfalen,Braunkohle,1992,Ja,Goldenberg,40.0,vorläufig stillgelegt,,RWE AG
06-02-B28903H003,BNA0401,Hamburg,Erdgas,1992,Ja,Heizkraftwerk,22.5,in Betrieb,,ADM Hamburg Aktiengesellschaft
07-04-6048443,BNA1284,Rheinland-Pfalz,Erdgas,1991,Ja,Co-Generation,11.5,in Betrieb,,Grace GmbH
06-05-800-0197010,BNA0491,Nordrhein-Westfalen,Braunkohle,1991,Ja,Ville/Berrenrath,98.0,in Betrieb,,RWE AG
,BNA1120,Nordrhein-Westfalen,Erdgas,1991,Ja,Energiezentrale,10.2,in Betrieb,,RÜTGERS InfraTec GmbH
06-09-100-0088-0001,BNA0969b,Bayern,Steinkohle,1991,Ja,Nord 2,332.7,in Betrieb,,SWM Services GmbH
,BNA1502,Nordrhein-Westfalen,Erdgas,1990 / 2013,Ja,Heizkraftwerk Krefeld,12.6,in Betrieb,,SWK ENERGIE GmbH
14-60-48821410003,BNA0179,Sachsen,Braunkohle,1990,Ja,HKW Chemnitz  Nord II,90.8,in Betrieb,,eins - energie in sachsen GmbH & Co. KG
06-11-01-1105604,BNA0085a,Berlin,Steinkohle,1990,Ja,Moabit,89.0,in Betrieb,,Vattenfall GmbH
06-00059010413,BNA0758,Hessen,Steinkohle,1990,ja,Heizkraftwerk Offenbach,54.0,in Betrieb,,Energieversorgung Offenbach AG
,BNA1528,Nordrhein-Westfalen,Erdgas,1990,Ja,,13.2,in Betrieb,,Stadtwerke Kempen GmbH
06-76400010631,BNA1492a,Hessen,Erdgas,1990,Ja,Kraftwerk 3,26.2,in Betrieb,,Papierfabrik Adolf Jass Schwarza GmbH
GAS-0002,BNA0008,Brandenburg,Erdgas,1990,Nein,Ahrensfelde,37.5,vorläufig stillgelegt,,Lausitz Energie Kraftwerke AG
GAS-0002,BNA0007,Brandenburg,Erdgas,1990,Nein,Ahrensfelde,37.5,vorläufig stillgelegt,,Lausitz Energie Kraftwerke AG
GAS-0002,BNA0005,Brandenburg,Erdgas,1990,Nein,Ahrensfelde,37.5,vorläufig stillgelegt,,Lausitz Energie Kraftwerke AG
GAS-0002,BNA0006,Brandenburg,Erdgas,1990,Nein,Ahrensfelde,37.5,vorläufig stillgelegt,,Lausitz Energie Kraftwerke AG
06-08-3042693,BNA0801,Baden-Württemberg,Steinkohle,1990,Ja,Heizkraftwerk Pforzheim GmbH,26.9,in Betrieb,,Heizkraftwerk Pforzheim GmbH
,BNA1225,Bayern,Erdgas,1989,Ja,PWG,5.3,vorläufig stillgelegt,,Peißenberger Wärmegesellschaft mbH
,BNA0686,Baden-Württemberg,Kernenergie,1989,Nein,Gemeinschaftskernkraftwerk Neckarwestheim II,1310.0,in Betrieb,,EnBW AG
GAS-0001,BNA0735,Brandenburg,Erdgas,1989,Nein,Thyrow,37.5,stillgelegt,2016,Lausitz Energie Kraftwerke AG
06-05-900-0327252,BNA0450,Nordrhein-Westfalen,Steinkohle,1989,Ja,KW Herne,449.0,in Betrieb,,Steag GmbH
06-10-00101000,BNA0999,Saarland,Steinkohle,1989,ja,Heizkraftwerk,211.0,in Betrieb,,Steag GmbH
07-05-8030815,BNA0510a,Rheinland-Pfalz,Erdgas,1989,Ja,HKW Karcherstr.,11.6,in Betrieb,,SWK - Stadtwerke Kaiserslautern
GAS-0001,BNA0737,Brandenburg,Erdgas,1989,Nein,Thyrow,37.5,stillgelegt,2016,Lausitz Energie Kraftwerke AG
GAS-0001,BNA0736,Brandenburg,Erdgas,1989,Nein,Thyrow,37.5,stillgelegt,2016,Lausitz Energie Kraftwerke AG
GAS-0001,BNA0734,Brandenburg,Erdgas,1989,Nein,Thyrow,37.5,Netzreserve,,Lausitz Energie Kraftwerke AG
12-40710010000,BNA0790,Brandenburg,Braunkohle,1989,Ja,KW Jänschwalde,465.0,in Betrieb,,Lausitz Energie Kraftwerke AG
06-00464010412,BNA0289b,Hessen,Steinkohle,1989,Ja,HKW West,61.5,in Betrieb,,Mainova AG
06-00464010412,BNA0290,Hessen,Steinkohle,1989,Ja,HKW West,61.5,in Betrieb,,Mainova AG
03-09-09281337040,BNA1335a,Niedersachsen,Erdgas,1989,Ja,PKV Kraftwerk,58.1,in Betrieb,,Papier- u. Kartonfabrik Varel GmbH & Co. KG
06-00453010412,BNA0498,Hessen,Steinkohle,1989,Ja,Heizkraftwerk,66.0,in Betrieb,,Infraserv GmbH & Co. Höchst KG
03-06-06060316030,BNA0420,Niedersachsen,Steinkohle,1989,Ja,GKH,136.0,in Betrieb,,Stadtwerke Hannover AG
03-06-06060316030,BNA0421,Niedersachsen,Steinkohle,1989,Ja,GKH,136.0,in Betrieb,,Stadtwerke Hannover AG
06-05-100-0030723,BNA1084,Nordrhein-Westfalen,Steinkohle,1989,Ja,HKW Elberfeld ,85.0,in Betrieb,,WSW Energie & Wasser AG
01-50-01000004838,BNA0271,Schleswig-Holstein,Steinkohle,1988,ja,Heizkraftwerk FL,29.0,in Betrieb,,Stadtwerke Flensburg GmbH
06-14600010611,BNA0523,Hessen,Braunkohle,1988,Ja,FKK,33.5,in Betrieb,,Städtische Werke Energie + Wärme GmbH
14-60-48821410003,BNA0177,Sachsen,Braunkohle,1988,Ja,HKW Chemnitz  Nord II,56.8,in Betrieb,,eins - energie in sachsen GmbH & Co. KG
,BNA1333a,Baden-Württemberg,Erdgas,1988,Ja,HKW Pfaffenwald,12.2,in Betrieb,,Universität Stuttgart
,BNA0263,Bayern,Kernenergie,1988,Nein,Isar 2,1410.0,in Betrieb,,Preussen Elektra GmbH
06-10-0020157,BNA0861b,Saarland,Steinkohle,1988,Ja,HKW Römerbrücke,50.0,in Betrieb,,Energie SaarLorLux AG
,BNA0607,Niedersachsen,Kernenergie,1988,Nein,Kernkraftwerk Emsland,1336.0,in Betrieb,,RWE AG
06-05-100-0365906,BNA0216a,Nordrhein-Westfalen,Steinkohle,1988,Ja,KW Walsum,370.0,in Betrieb,,Steag GmbH
06-11-01-1105609,BNA0087,Berlin,Steinkohle,1988,Ja,Reuter West,282.0,in Betrieb,,Vattenfall GmbH
GAS-0001,BNA0739,Brandenburg,Erdgas,1987,Nein,Thyrow,36.5,Netzreserve,,Lausitz Energie Kraftwerke AG
GAS-0001,BNA0738,Brandenburg,Erdgas,1987,Nein,Thyrow,36.5,Netzreserve,,Lausitz Energie Kraftwerke AG
06-11-01-1105609,BNA0086,Berlin,Steinkohle,1987,Ja,Reuter West,282.0,in Betrieb,,Vattenfall GmbH
06-14600010611,BNA0521,Hessen,Erdgas,1987,Ja,Kombi-HKW,50.0,in Betrieb,,Städtische Werke Energie + Wärme GmbH
GAS-0001,BNA0741,Brandenburg,Erdgas,1987,Nein,Thyrow,36.5,Netzreserve,,Lausitz Energie Kraftwerke AG
GAS-0001,BNA0740,Brandenburg,Erdgas,1987,Nein,Thyrow,36.5,Netzreserve,,Lausitz Energie Kraftwerke AG
,BNA1226,Bayern,Erdgas,1987,Ja,PWG,5.3,Sonderfall,,Peißenberger Wärmegesellschaft mbH
06-05-700-0105516,BNA0793,Nordrhein-Westfalen,Steinkohle,1987,Nein,Heyden,875.0,in Betrieb,,Uniper SE
12-40710010000,BNA0789,Brandenburg,Braunkohle,1987,Ja,KW Jänschwalde,465.0,in Betrieb,,Lausitz Energie Kraftwerke AG
,BNA0157,Schleswig-Holstein,Kernenergie,1986,Nein,Brokdorf,1410.0,in Betrieb,,PreussenElektra GmbH
14-20-48821410003,BNA0178,Sachsen,Erdgas,1986,Ja,HKW Chemnitz  Nord II,57.2,vorläufig stillgelegt,,eins - energie in sachsen GmbH & Co. KG
06-09-100-0003-0003,BNA1093,Bayern,Steinkohle,1986,Ja,Zolling,472.0,in Betrieb,,ENGIE Deutschland AG
06-08-4124448,BNA1467,Baden-Württemberg,Steinkohle,1986,Ja,,18.5,in Betrieb,,Koehler SE
06-05-500-0342658,BNA0336,Nordrhein-Westfalen,Steinkohle,1985,Ja,FWK Buer,70.0,in Betrieb,,Uniper SE
06-05-500-0338944,BNA0493,Nordrhein-Westfalen,Steinkohle,1985,Ja,Ibbenbüren,794.0,in Betrieb,,RWE AG
03-01-01241117210,BNA1076a,Niedersachsen,Steinkohle,1985,Ja,HKW West,138.5,in Betrieb,,Volkswagen AG
,BNA0439,Niedersachsen,Braunkohle,1985,Nein,Buschhaus,352.0,Sicherheitsbereitschaft,,Helmstedter Revier GmbH
01-50-01000004838,BNA0272,Schleswig-Holstein,Steinkohle,1985,ja,Heizkraftwerk FL,33.0,in Betrieb,,Stadtwerke Flensburg GmbH
03-01-01241117210,BNA1076b,Niedersachsen,Steinkohle,1985,Ja,HKW West,138.5,in Betrieb,,Volkswagen AG
06-08-1741292,BNA0020,Baden-Württemberg,Steinkohle,1985,Ja,Heizkraftwerk Altbach/Deizisau,433.0,Netzreserve,,EnBW AG
06-05-100-0031758,BNA0211,Nordrhein-Westfalen,Steinkohle,1985,Ja,HKW I,95.0,in Betrieb,,Stadtwerke Duisburg AG
,BNA0251,Niedersachsen,Kernenergie,1985,Nein,Grohnde,1360.0,in Betrieb,,PreussenElektra GmbH
06-08-1020129,BNA0434,Baden-Württemberg,Steinkohle,1985,Ja,Heizkraftwerk Heilbronn,778.0,in Betrieb,,EnBW AG
06-05-100-0431554,BNA0992,Nordrhein-Westfalen,Steinkohle,1985,Nein,KW Voerde,695.0,stillgelegt,2017,RWE AG
06-08-2797933,BNA0518a,Baden-Württemberg,Steinkohle,1985,Ja,Rheinhafen-Dampfkraftwerk,517.0,in Betrieb,,EnBW AG
,BNA0802,Baden-Württemberg,Kernenergie,1985,Nein,Kernkraftwerk Philippsburg 2,1402.0,in Betrieb,,EnBW AG
12-40710010000,BNA0788,Brandenburg,Braunkohle,1985,Ja,KW Jänschwalde,465.0,in Betrieb,,Lausitz Energie Kraftwerke AG
,BNA0714,Nordrhein-Westfalen,Braunkohle,1984,Ja,Fortuna Nord,15.0,in Betrieb,,RWE AG
,BNA0382,Bayern,Kernenergie,1984,Nein,Kernkraft Gundremmingen ,1288.0,in Betrieb,,RWE AG
,BNA0381,Bayern,Kernenergie,1984,Nein,Kernkraft Gundremmingen ,1284.0,stillgelegt,2017,RWE AG
06-08-2797933,BNA0515,Baden-Württemberg,Erdgas,1984,Ja,Heizkraftwerk West,37.0,in Betrieb,,Stadtwerke Karlsruhe GmbH
12-40710010000,BNA0787,Brandenburg,Braunkohle,1984,Ja,KW Jänschwalde,465.0,in Betrieb,,Lausitz Energie Kraftwerke AG
03-01-01010157480,BNA0138,Niedersachsen,Steinkohle,1984,Ja,HKW-Mitte,43.3,in Betrieb,,Braunschweiger Versorgungs-AG & Co. KG
06-05-900-0865327,BNA1046b,Nordrhein-Westfalen,Erdgas,1984,Nein,Gersteinwerk,112.0,in Betrieb,,RWE AG
06-05-900-0865327,BNA1046a,Nordrhein-Westfalen,Steinkohle,1984,Nein,Gersteinwerk,614.0,in Betrieb,,RWE AG
06-08-1195689,BNA0936,Baden-Württemberg,Steinkohle,1984,Ja,Restmüll-Heizkraftwerk Stuttgart-Münster,45.0,in Betrieb,,EnBW AG
06-10-00100999,BNA0093,Saarland,Steinkohle,1983,Nein,Kraftwerk Bexbach,726.0,Netzreserve,,STEAG GmbH
06-05-500-0152577,BNA0662a,Nordrhein-Westfalen,Steinkohle,1983,Ja,Kraftwerk I ,60.2,in Betrieb,,Evonik Degussa GmbH
06-05-300-0890760,BNA1511a,Nordrhein-Westfalen,Braunkohle,1983,Ja,Kessel 4,9.3,in Betrieb,,Papierfabrik Schoellershammer H. A. Schoeller Söhne GmbH & Co KG
06-05-100-0431554,BNA0991,Nordrhein-Westfalen,Steinkohle,1982,Nein,KW Voerde,695.0,stillgelegt,2017,RWE AG
06-10-00101000,BNA0998,Saarland,Steinkohle,1982,ja,Modellkraftwerk,179.0,in Betrieb,,Steag GmbH
01-50-01000004838,BNA0273,Schleswig-Holstein,Steinkohle,1982,ja,Heizkraftwerk FL,35.0,stillgelegt,2016,Stadtwerke Flensburg GmbH
06-08-2948214,BNA0645,Baden-Württemberg,Steinkohle,1982,Ja,GKM ,425.0,in Betrieb,,Grosskraftwerk Mannheim AG
06-05-900-0045033,BNA1037,Nordrhein-Westfalen,Steinkohle,1982,Nein,Kraftwerk Werdohl-Elverlingsen,310.0,in Betrieb,,Mark-E AG
06-08-1195689,BNA0935,Baden-Württemberg,Steinkohle,1982,Ja,Restmüll-Heizkraftwerk Stuttgart-Münster,45.0,in Betrieb,,EnBW AG
12-40710010000,BNA0786,Brandenburg,Braunkohle,1982,Ja,KW Jänschwalde,465.0,in Betrieb,,Lausitz Energie Kraftwerke AG
,BNA1276,Baden-Württemberg,Erdgas,1982,Ja,Kraftwerk Freudenberg Weinheim,21.0,stillgelegt,2013,Freudenberg Service KG
,BNA0355,Bayern,Kernenergie,1982,Nein,Grafenrheinfeld,1275.0,stillgelegt,2015,E.ON Kernkraft GmbH
06-05-900-0205103,BNA0067,Nordrhein-Westfalen,Steinkohle,1981,Ja,Bergkamen,717.0,in Betrieb,,RWE AG
06-11-01-1105501,BNA0081,Berlin,Erdgas,1981,Ja,Klingenberg,164.0,in Betrieb,,Vattenfall GmbH
06-05-300-9046797,BNA0600a,Nordrhein-Westfalen,Erdgas,1981,Ja,X-Kraftwerk,27.0,in Betrieb,,Currenta GmbH & Co. OHG
12-40710010000,BNA0785,Brandenburg,Braunkohle,1981,Ja,KW Jänschwalde,465.0,in Betrieb,,Lausitz Energie Kraftwerke AG
,BNA1260,Baden-Württemberg,Erdgas,1980 / 2013,Ja,Heizkraftwerk Sindelfingen,95.0,in Betrieb,,Daimler AG
06-09-100-0088-0005,BNA0683c,Bayern,Erdgas,1980,Ja,Süd GT2,97.9,in Betrieb,,SWM Services GmbH
06-09-100-0088-0005,BNA0683b,Bayern,Erdgas,1980,Ja,Süd GT3,97.9,in Betrieb,,SWM Services GmbH
06-09-100-0088-0005,BNA0683a,Bayern,Erdgas,1980,Ja,Süd DT1,79.7,in Betrieb,,SWM Services GmbH
06-09-500-0112-0001,BNA0261b,Bayern,Steinkohle,1980,Ja,HKW Erlangen,17.4,in Betrieb,,Erlanger Stadtwerke AG
14-70-46630660001,BNA0123,Sachsen,Braunkohle,1980,Ja,Boxberg,465.0,in Betrieb,,Lausitz Energie Kraftwerke AG
06-08-3042693,BNA0800,Baden-Württemberg,Erdgas,1980,Ja,Heizkraftwerk Pforzheim GmbH,41.2,in Betrieb,,Heizkraftwerk Pforzheim GmbH
,BNA1408,Baden-Württemberg,Erdgas,1980,Ja,Heizkraftwerk Evonik Rheinfelden,16.0,in Betrieb,,Evonik Degussa GmbH
,BNA0389,Nordrhein-Westfalen,Erdgas,1980,Nein,Heizkraftwerk Hagen-Kabel,230.0,vorläufig stillgelegt,,Mark-E AG
,BNA1658,Nordrhein-Westfalen,Erdgas,1980,Ja,HKW-Mitte,11.3,in Betrieb,,Stadtwerke Lemgo GmbH
,BNA1187,Nordrhein-Westfalen,Erdgas,1980,ja,P&L Werk Lage,10.2,in Betrieb,,Pfeifer & Langen GmbH & Co. KG
,BNA0531,Nordrhein-Westfalen,Erdgas,1980,Nein,KW Kirchlengern,201.5,in Betrieb,,Energieservice Westfalen Weser GmbH
03-01-01010098080,BNA0464,Niedersachsen,Steinkohle,1979,Nein,KWM,690.0,in Betrieb,,Stadtwerke Hannover AG
06-04-11_2001178_8_0,BNA0146,Bremen,Steinkohle,1979,Ja,KW Hafen,303.0,in Betrieb,,swb Erzeugung GmbH & Co. KG
06-05-500-0342658,BNA0335,Nordrhein-Westfalen,Steinkohle,1979,Nein,Scholven,676.0,stillgelegt,2014,Uniper SE
18037,BNA1486,Sachsen-Anhalt,Braunkohle,1979,Ja,Grubenheizkraftwerk,45.0,in Betrieb,,ROMONTA GmbH
14-70-46630660001,BNA0122,Sachsen,Braunkohle,1979,Ja,Boxberg,465.0,in Betrieb,,Lausitz Energie Kraftwerke AG
06-08-1383701,BNA1405a,Baden-Württemberg,Steinkohle,1978,Ja,Heizkraftwerk Magirusstraße,20.7,in Betrieb,,Fernwärme Ulm GmbH
,BNA1463,Niedersachsen,Erdgas,1978,Ja,,19.5,in Betrieb,,Smurfit Kappa Herzberger Papierfabrik GmbH
,BNA0239,Niedersachsen,Erdgas,1978,Nein,Huntorf,321.0,in Betrieb,,Uniper SE
06-05-300-0079450,BNA1097,Nordrhein-Westfalen,Braunkohle,1978,Ja,Kohlekraftwerk,19.5,in Betrieb,,Smurfit Kappa Zülpich Papier GmbH
06-05-700-0020290,BNA0098,Nordrhein-Westfalen,Erdgas,1978,Ja,HKW Schildescher Straße,23.0,Sonderfall,,Stadtwerke Bielefeld GmbH
01-50-01000004838,BNA0274,Schleswig-Holstein,Steinkohle,1978,ja,Heizkraftwerk FL,23.0,stillgelegt,2016,Stadtwerke Flensburg GmbH
06-09-171-0009-0B01,BNA0172b,Bayern,Erdgas,1977,Ja,Burghausen 01 - DT,50.0,in Betrieb,,Wacker Chemie AG
06-00176010435,BNA0374,Hessen,Erdgas,1977,Nein,Staudinger,572.0,Netzreserve,,Uniper SE
07-04-6021280,BNA0627,Rheinland-Pfalz,Erdgas,1977,Ja,Kraftwerk Mainz,335.0,Netzreserve,,Kraftwerke Mainz-Wiesbaden AG
06-09-500-0368-0001,BNA0745,Bayern,Erdgas,1976,Nein,Franken 1,440.0,in Betrieb,,Uniper SE
,BNA1104,Bayern,Erdgas,1976,Ja,Heizkraftwerk,20.4,Netzreserve,,Stadtwerke Augsburg Energie GmbH
06-05-100-0248923,BNA0700,Nordrhein-Westfalen,Braunkohle,1976,Ja,Neurath,604.0,in Betrieb,,RWE AG
03-09-09281566110,BNA1061,Niedersachsen,Steinkohle,1976,Nein,Wilhelmshaven,757.0,in Betrieb,,Uniper SE
06-10-00101003,BNA0820,Saarland,Steinkohle,1976,ja,Weiher,655.6,Netzreserve,,Steag GmbH
,BNA0232c,Baden-Württemberg,Erdgas,1976,Ja,Werkskraftwerk Sappi Ehingen,4.0,in Betrieb,,Sappi Ehingen GmbH
06-05-100-0167182,BNA0221c,Nordrhein-Westfalen,Erdgas,1976,Ja,Gasblock,293.0,in Betrieb,,Stadtwerke Düsseldorf AG
,BNA0811,Nordrhein-Westfalen,Erdgas,1975,Nein,Kraftwerk Veltheim,335.0,stillgelegt,2015,Uniper SE
06-05-300-0877384,BNA1028,Nordrhein-Westfalen,Braunkohle,1975,Ja,Weisweiler,656.0,in Betrieb,,RWE AG
06-08-1741292,BNA0018,Baden-Württemberg,Erdgas,1975,Nein,Heizkraftwerk Altbach/Deizisau,81.0,in Betrieb,,EnBW AG
,BNA0419,Niedersachsen,Erdgas,1975,Ja,KWH,102.0,vorläufig stillgelegt,,Stadtwerke Hannover AG
06-11-01-1105603,BNA0074,Berlin,Erdgas,1975,Ja,Charlottenburg,144.0,in Betrieb,,Vattenfall GmbH
06-09-100-0088-0003,BNA0681,Bayern,Erdgas,1975,Ja,Freimann GT 1,80.0,stillgelegt,2015,SWM Services GmbH
06-09-100-0088-0003,BNA0682,Bayern,Erdgas,1975,Nein,Freimann GT 2,80.0,stillgelegt,2015,SWM Services GmbH
06-19200010636,BNA1465b,Hessen,Erdgas,1975,Ja,Gaskraftwerk,13.2,Sonderfall,,DS Smith Paper Deutschland GmbH
,BNA0099,Nordrhein-Westfalen,Erdgas,1975,Nein,Gasturbinenkraftwerk Bielefeld Ummeln,55.0,stillgelegt,2015,Uniper SE
06-05-100-0248923,BNA0699,Nordrhein-Westfalen,Braunkohle,1975,Ja,Neurath,607.0,in Betrieb,,RWE AG
,BNA0834,Nordrhein-Westfalen,Steinkohle,1975,ja,Solvay Kraftwerk Rheinberg,79.0,in Betrieb,,Solvay Chemicals GmbH
,BNA1458,Rheinland-Pfalz,Erdgas,1975,Ja,,28.0,in Betrieb,,Buchmann GmbH
06-05-100-0167182,BNA0221b,Nordrhein-Westfalen,Erdgas,1974,Nein,GT,66.7,in Betrieb,,Stadtwerke Düsseldorf AG
06-05-500-0875741,BNA0659,Nordrhein-Westfalen,Erdgas,1974,Ja,Kraftwerk III,77.6,in Betrieb,,Evonik Degussa GmbH
06-11-01-1105607,BNA0076,Berlin,Erdgas,1974,Ja,Lichterfelde,144.0,in Betrieb,,Vattenfall GmbH
,BNA1285,Niedersachsen,Erdgas,1974,Ja,Sigmundshall,19.0,in Betrieb,,K+S AG
06-05-300-0326774,BNA0707,Nordrhein-Westfalen,Braunkohle,1974,Nein,Niederaußem,648.0,in Betrieb,,RWE AG
06-05-300-0877384,BNA1027,Nordrhein-Westfalen,Braunkohle,1974,Ja,Weisweiler,663.0,in Betrieb,,RWE AG
,BNA0810,Nordrhein-Westfalen,Erdgas,1974,Nein,Kraftwerk Veltheim,65.0,stillgelegt,2015,Uniper SE
06-05-300-0326774,BNA0708,Nordrhein-Westfalen,Braunkohle,1974,Ja,Niederaußem,628.0,in Betrieb,,RWE AG
03-10-10257673950,BNA0605,Niedersachsen,Erdgas,1974,Ja,Emsland,359.0,in Betrieb,,RWE AG
06-05-100-0167182,BNA0221a,Nordrhein-Westfalen,Erdgas,1974,Nein,GT,64.7,in Betrieb,,Stadtwerke Düsseldorf AG
06-08-1741292,BNA0017,Baden-Württemberg,Erdgas,1973,Nein,Heizkraftwerk Altbach/Deizisau,57.0,in Betrieb,,EnBW AG
06-05-900-0865327,BNA1039,Nordrhein-Westfalen,Erdgas,1973,Nein,Gersteinwerk,55.0,in Betrieb,,RWE AG
06-05-100-0248923,BNA0698,Nordrhein-Westfalen,Braunkohle,1973,Nein,Neurath,292.0,in Betrieb,,RWE AG
06-05-900-0865327,BNA1040,Nordrhein-Westfalen,Erdgas,1973,Nein,Gersteinwerk,55.0,in Betrieb,,RWE AG
06-05-900-0865327,BNA1041,Nordrhein-Westfalen,Erdgas,1973,Nein,Gersteinwerk,55.0,in Betrieb,,RWE AG
06-05-900-0865327,BNA1042,Nordrhein-Westfalen,Erdgas,1973,Nein,Gersteinwerk,55.0,in Betrieb,,RWE AG
06-05-900-0865327,BNA1043,Nordrhein-Westfalen,Erdgas,1973,Nein,Gersteinwerk,355.0,vorläufig stillgelegt,,RWE AG
06-05-900-0865327,BNA1044,Nordrhein-Westfalen,Erdgas,1973,Nein,Gersteinwerk,355.0,vorläufig stillgelegt,,RWE AG
06-05-900-0865327,BNA1045,Nordrhein-Westfalen,Erdgas,1973,Nein,Gersteinwerk,355.0,in Betrieb,,RWE AG
06-11-01-1105607,BNA0080,Berlin,Erdgas,1973,Ja,Lichterfelde,144.0,stillgelegt,2016,Vattenfall GmbH
06-09-500-0368-0001,BNA0744,Bayern,Erdgas,1973,Nein,Franken 1,383.0,in Betrieb,,Uniper SE
06-05-500-0875741,BNA0658,Nordrhein-Westfalen,Erdgas,1973,Ja,Kraftwerk III,61.1,in Betrieb,,Evonik Degussa GmbH
06-08-1371304,BNA0933,Baden-Württemberg,Erdgas,1973,Nein,Heizkraftwerk Stuttgart-Gaisburg,55.0,stillgelegt,2014,EnBW AG
03-04-04224004080,BNA0245b,Niedersachsen,Erdgas,1973,Nein,Emden Gas,433.0,vorläufig stillgelegt,,Statkraft Markets GmbH
03-06-06254353820,BNA0574a,Niedersachsen,Erdgas,1973,Nein,Landesbergen Gas,56.0,in Betrieb,,Statkraft Markets GmbH
03-04-04224004080,BNA0245a,Niedersachsen,Erdgas,1973,Nein,Emden Gas,52.0,in Betrieb,,Statkraft Markets GmbH
06-00464020412,BNA0288,Hessen,Erdgas,1973,Ja,HKW Niederrad,56.0,stillgelegt,2017,Mainova AG
03-10-10257673950,BNA0604,Niedersachsen,Erdgas,1973,Ja,Emsland,359.0,in Betrieb,,RWE AG
03-06-06254353820,BNA0574b,Niedersachsen,Erdgas,1973,Nein,Landesbergen Gas,431.0,vorläufig stillgelegt,,Statkraft Markets GmbH
06-05-100-0248923,BNA0697,Nordrhein-Westfalen,Braunkohle,1972,Nein,Neurath,294.0,in Betrieb,,RWE AG
06-11-01-1105607,BNA0075,Berlin,Erdgas,1972,Ja,Lichterfelde,144.0,in Betrieb,,Vattenfall GmbH
,BNA0752,Nordrhein-Westfalen,Erdgas,1972,Ja,HKW 1,23.1,in Betrieb,,Energieversorgung Oberhausen AG
03-03-03030273580,BNA0918a,Niedersachsen,Erdgas,1972,Ja,Dow Stade,190.0,stillgelegt,2014,Dow Deutschland Anlagengesellschaft mbH
06-05-100-0248923,BNA0696,Nordrhein-Westfalen,Braunkohle,1972,Nein,Neurath,294.0,in Betrieb,,RWE AG
,BNA0140,Bremen,Erdgas,1972,Ja,KW Hastedt,155.0,stillgelegt,2016,swb Erzeugung GmbH & Co. KG
06-09-600-0025-0001,BNA1085,Bayern,Erdgas,1971,Ja,Heizkraftwerke an der Friedensbrücke,23.0,in Betrieb,,Heizkraftwerk Würzburg GmbH
06-05-500-0875741,BNA0660,Nordrhein-Westfalen,Steinkohle,1971,Ja,Kraftwerk I  ,55.3,in Betrieb,,Evonik Degussa GmbH
06-05-900-0045033,BNA1035,Nordrhein-Westfalen,Steinkohle,1971,,Kraftwerk Werdohl-Elverlingsen,186.0,stillgelegt,2014,Mark-E AG
06-05-100-0853075,BNA0989,Nordrhein-Westfalen,Steinkohle,1971,Nein,KW West,318.0,stillgelegt,2017,Steag GmbH
06-08-1741292,BNA0016,Baden-Württemberg,Erdgas,1971,Nein,Heizkraftwerk Altbach/Deizisau,50.0,in Betrieb,,EnBW AG
06-05-500-0342658,BNA0334,Nordrhein-Westfalen,Steinkohle,1971,Ja,Scholven,345.0,stillgelegt,2014,Uniper SE
,BNA0135,Niedersachsen,Erdgas,1971,Ja,HKW-Mitte,20.0,in Betrieb,,Braunschweiger Versorgungs-AG & Co. KG
06-05-300-0326774,BNA0706,Nordrhein-Westfalen,Braunkohle,1971,Nein,Niederaußem,299.0,in Betrieb,,RWE AG
06-05-100-0853075,BNA0990,Nordrhein-Westfalen,Steinkohle,1971,Nein,KW West,322.0,stillgelegt,2017,Steag GmbH
,BNA0203,Nordrhein-Westfalen,Steinkohle,1971,Ja,Knepper,345.0,stillgelegt,2014,Uniper SE
06-05-100-9021016,BNA0557b,Nordrhein-Westfalen,Steinkohle,1971,Ja,Kraftwerk N 230,110.0,in Betrieb,,Currenta GmbH & Co. OHG
,BNA1141,Nordrhein-Westfalen,Braunkohle,1970 / 1981 / 2013,Ja,P&L Werk Euskirchen,14.5,in Betrieb,,Pfeifer & Langen GmbH & Co. KG
06-05-300-0326774,BNA0713,Nordrhein-Westfalen,Braunkohle,1970,Nein,Niederaußem,295.0,in Betrieb,,RWE AG
01-50-02000283604,BNA0526,Schleswig-Holstein,Steinkohle,1970,Ja,Gemeinschaftskraftwerk Kiel,323.0,in Betrieb,,Gemeinschaftskraftwerk Kiel GmbH
06-05-100-0081105,BNA0314,Nordrhein-Westfalen,Braunkohle,1970,Nein,Frimmersdorf,278.0,Sicherheitsbereitschaft,,RWE AG
06-00176010435,BNA0376,Hessen,Steinkohle,1970,Nein,Staudinger,293.0,stillgelegt,2012,Uniper SE
06-08-2948214,BNA0643,Baden-Württemberg,Steinkohle,1970,Ja,GKM ,202.5,stillgelegt,2015,Grosskraftwerk Mannheim AG
06-05-500-0342658,BNA0333,Nordrhein-Westfalen,Steinkohle,1970,Ja,Scholven,345.0,stillgelegt,2014,Uniper SE
,BNA0813,Nordrhein-Westfalen,Steinkohle,1970,Nein,Kraftwerk Veltheim,303.0,stillgelegt,2015,Uniper SE
06-05-900-0884101,BNA0619,Nordrhein-Westfalen,Steinkohle,1969,Ja,KW Lünen,324.0,in Betrieb,,Steag GmbH
06-05-500-0342658,BNA0331,Nordrhein-Westfalen,Steinkohle,1969,Ja,Scholven,345.0,in Betrieb,,Uniper SE
,BNA1333b,Baden-Württemberg,Erdgas,1969,Ja,HKW Pfaffenwald,11.3,in Betrieb,,Universität Stuttgart
1,BNA0189,Nordrhein-Westfalen,Steinkohle,1969,Nein,Datteln,113.0,stillgelegt,2013,Uniper SE
06-04-11_2039669_2_0,BNA0147,Bremen,Steinkohle,1969,Nein,Farge,350.0,in Betrieb,,ENGIE Deutschland AG
06-09-671-0140-0001,BNA0926b,Bayern,Steinkohle,1969,Ja,Heizkraftwerk der Sappi Stockstadt GmbH,24.8,in Betrieb,,Sappi Stockstadt GmbH
06-11-01-1105602,BNA0082,Berlin,Steinkohle,1969,Ja,Reuter,124.0,in Betrieb,,Vattenfall GmbH
06-05-900-0079017,BNA0413a,Nordrhein-Westfalen,Steinkohle,1969,Nein,Westfalen,284.0,stillgelegt,2016,RWE AG
06-08-3042693,BNA0799,Baden-Württemberg,Erdgas,1969,Ja,Heizkraftwerk Pforzheim GmbH,11.3,stillgelegt,2016,Heizkraftwerk Pforzheim GmbH
,BNA0118,Nordrhein-Westfalen,Erdgas,1969,Ja,Heizkraftwerk Süd,14.4,stillgelegt,2012,Energie- und Wasserversorgung Bonn/Rhein-Sieg GmbH
06-09-190-0036-0002,BNA1248a,Bayern,Erdgas,1969,Ja,UPM Schongau,64.0,Netzreserve,,UPM GmbH
06-05-500-0342658,BNA0332,Nordrhein-Westfalen,Steinkohle,1968,Ja,Scholven,345.0,in Betrieb,,Uniper SE
03-09-09281337040,BNA1335b,Niedersachsen,Erdgas,1968,Ja,PKV Kraftwerk,0.5,in Betrieb,,Papier- u. Kartonfabrik Varel GmbH & Co. KG
06-04-11_2001178_8_2,BNA0145,Bremen,Steinkohle,1968,Ja,KW Hafen,127.0,stillgelegt,2016,swb Erzeugung GmbH & Co. KG
06-05-300-0326774,BNA0705,Nordrhein-Westfalen,Braunkohle,1968,Nein,Niederaußem,297.0,in Betrieb,,RWE AG
,BNA0680,Sachsen-Anhalt,Braunkohle,1968,Ja,Mumsdorf,60.0,stillgelegt,2013,Mitteldeutsche Braunkohlengesellschaft mbH
,BNA1333c,Baden-Württemberg,Erdgas,1968,Ja,HKW Pfaffenwald,11.6,in Betrieb,,Universität Stuttgart
06-08-2142201,BNA1006,Baden-Württemberg,Steinkohle,1967,Nein,Kraftwerk Walheim,148.0,Netzreserve,,EnBW AG
06-90032200632,BNA0444,Hessen,Erdgas,1967,Ja,Wintershall,109.5,in Betrieb,,K+S AG
06-05-300-0890760,BNA1511b,Nordrhein-Westfalen,Erdgas,1967,Ja,Kessel 2,2.9,in Betrieb,,Papierfabrik Schoellershammer H. A. Schoeller Söhne GmbH & Co KG
06-05-300-0877384,BNA1026,Nordrhein-Westfalen,Braunkohle,1967,Nein,Weisweiler,321.0,in Betrieb,,RWE AG
06-05-700-0020290,BNA0101,Nordrhein-Westfalen,Erdgas,1966,Ja,HKW Schildescher Straße,41.0,Sonderfall,,Stadtwerke Bielefeld GmbH
06-08-2948214,BNA0642,Baden-Württemberg,Steinkohle,1966,Ja,GKM ,202.5,stillgelegt,2015,Grosskraftwerk Mannheim AG
06-05-500-0875741,BNA0661,Nordrhein-Westfalen,Steinkohle,1966,Ja,Kraftwerk II,60.4,stillgelegt,2017,Evonik Degussa GmbH
06-05-100-0081105,BNA0313,Nordrhein-Westfalen,Braunkohle,1966,Ja,Frimmersdorf,284.0,Sicherheitsbereitschaft,,RWE AG
06-05-900-0327252,BNA0449,Nordrhein-Westfalen,Steinkohle,1966,Ja,KW Herne,280.0,stillgelegt,2017,Steag GmbH
06-09-761-0026-0001,BNA1103,Bayern,Erdgas,1966,Ja,UPM Augsburg,29.0,vorläufig stillgelegt,,UPM GmbH Werk Augsburg
06-08-1020129,BNA0433,Baden-Württemberg,Steinkohle,1966,Nein,Heizkraftwerk Heilbronn,125.0,Netzreserve,,EnBW AG
,BNA1094,Nordrhein-Westfalen,Erdgas,1966,Ja,Gaskraftwerk,15.1,in Betrieb,,Smurfit Kappa Zülpich Papier GmbH
,BNA0812,Nordrhein-Westfalen,Steinkohle,1965,Nein,Kraftwerk Veltheim,93.0,stillgelegt,2012,Gemeinschaftskraftwerk Veltheim GmbH
16-62-09401231000,BNA1271,Thüringen,Erdgas,1965,Ja,Unterbreizbach,33.6,in Betrieb,,K+S AG
06-00176010435,BNA0375,Hessen,Steinkohle,1965,Ja,Staudinger,249.0,stillgelegt,2013,Uniper SE
06-05-300-0877384,BNA1025,Nordrhein-Westfalen,Braunkohle,1965,Nein,Weisweiler,321.0,in Betrieb,,RWE AG
06-05-300-0326774,BNA0712,Nordrhein-Westfalen,Braunkohle,1965,Nein,Niederaußem,295.0,in Betrieb,,RWE AG
,BNA0137,Niedersachsen,Erdgas,1965,Ja,HKW-Nord,25.0,in Betrieb,,Braunschweiger Versorgungs-AG & Co. KG
06-08-1020129,BNA0432,Baden-Württemberg,Steinkohle,1965,Nein,Heizkraftwerk Heilbronn,125.0,Netzreserve,,EnBW AG
,BNA0212,Nordrhein-Westfalen,Steinkohle,1965,Ja,HKW II/B,133.0,stillgelegt,2012,Stadtwerke Duisburg AG
06-05-300-0923949,BNA1182,Nordrhein-Westfalen,Erdgas,1965,Ja,HKW Merkenich,15.5,in Betrieb,,RheinEnergie AG
06-08-2142201,BNA1005,Baden-Württemberg,Steinkohle,1964,Nein,Kraftwerk Walheim,96.0,Netzreserve,,EnBW AG
06-05-100-0081105,BNA0312,Nordrhein-Westfalen,Braunkohle,1964,Nein,Frimmersdorf,133.0,stillgelegt,2012,RWE AG
06-05-100-0081105,BNA0309,Nordrhein-Westfalen,Braunkohle,1964,Nein,Frimmersdorf,135.0,stillgelegt,2012,RWE AG
1,BNA0188,Nordrhein-Westfalen,Steinkohle,1964,Ja,Datteln,95.0,stillgelegt,2013,Uniper SE
1,BNA0187,Nordrhein-Westfalen,Steinkohle,1964,Ja,Datteln,95.0,stillgelegt,2013,Uniper SE
06-05-300-0326774,BNA0710,Nordrhein-Westfalen,Braunkohle,1963,Nein,Niederaußem,125.0,vorläufig stillgelegt,,RWE AG
06-05-900-0327252,BNA0447,Nordrhein-Westfalen,Steinkohle,1963,Nein,KW Herne,133.0,stillgelegt,2014,Steag GmbH
06-05-900-0079017,BNA0415,Nordrhein-Westfalen,Steinkohle,1963,Nein,Westfalen,152.0,stillgelegt,2011,RWE AG
06-05-300-0326774,BNA0711,Nordrhein-Westfalen,Braunkohle,1963,Nein,Niederaußem,125.0,vorläufig stillgelegt,,RWE AG
06-10-0075248,BNA0253,Saarland,Steinkohle,1963,Ja,Kraftwerk Ensdorf,106.0,in Betrieb,,"VSE AG, Kraftwerk Ensdorf"
06-05-900-0079017,BNA0414,Nordrhein-Westfalen,Steinkohle,1963,Nein,Westfalen,152.0,stillgelegt,2011,RWE AG
06-05-900-0884101,BNA0618,Nordrhein-Westfalen,Steinkohle,1962,Nein,KW Lünen,149.0,in Betrieb,,Steag GmbH
06-05-100-0081105,BNA0308,Nordrhein-Westfalen,Braunkohle,1962,Nein,Frimmersdorf,136.0,stillgelegt,2012,RWE AG
06-05-100-0888309,BNA1451,Nordrhein-Westfalen,Braunkohle,1962,Ja,HKW Sachtleben,27.5,in Betrieb,,Huntsman P&A Germany GmbH
06-05-100-0081105,BNA0311,Nordrhein-Westfalen,Braunkohle,1962,Nein,Frimmersdorf,131.0,stillgelegt,2012,RWE AG
06-90031210632,BNA0804a,Hessen,Erdgas,1962,Ja,Hattorf,35.0,in Betrieb,,K+S AG
06-05-300-9046797,BNA0600b,Nordrhein-Westfalen,Steinkohle,1962,Ja,G-Kraftwerk,103.0,in Betrieb,,Currenta GmbH & Co. OHG
06-05-100-0081105,BNA0310,Nordrhein-Westfalen,Braunkohle,1962,Nein,Frimmersdorf,138.0,stillgelegt,2012,RWE AG
01-50-56050192711,BNA0403,Schleswig-Holstein,Steinkohle,1962,Ja,Wedel,123.0,in Betrieb,,Vattenfall GmbH
01-50-56050192711,BNA0404,Schleswig-Holstein,Steinkohle,1961,Ja,Wedel,137.0,in Betrieb,,Vattenfall GmbH
06-26200010633,BNA0059a,Hessen,Erdgas,1961,Ja,HKW Kassel,12.2,stillgelegt,2013,Volkswagen AG
06-05-100-0081105,BNA0304,Nordrhein-Westfalen,Braunkohle,1960,Nein,Frimmersdorf,124.0,stillgelegt,2011,RWE AG
06-05-100-0081105,BNA0307,Nordrhein-Westfalen,Braunkohle,1960,Nein,Frimmersdorf,128.0,stillgelegt,2012,RWE AG
06-05-100-0081105,BNA0306,Nordrhein-Westfalen,Braunkohle,1960,Nein,Frimmersdorf,132.0,stillgelegt,2012,RWE AG
06-05-300-0877384,BNA1022,Nordrhein-Westfalen,Braunkohle,1959,Nein,Weisweiler,135.0,stillgelegt,2012,RWE AG
06-05-100-0081105,BNA0305,Nordrhein-Westfalen,Braunkohle,1959,Nein,Frimmersdorf,130.0,stillgelegt,2012,RWE AG
,BNA0292,Nordrhein-Westfalen,Braunkohle,1959,Ja,Frechen/Wachtberg,176.0,in Betrieb,,RWE AG
06-05-100-0365906,BNA0215,Nordrhein-Westfalen,Steinkohle,1959,Nein,KW Walsum,129.0,stillgelegt,2014,Steag GmbH
06-05-100-0081105,BNA0303,Nordrhein-Westfalen,Braunkohle,1957,Nein,Frimmersdorf,130.0,stillgelegt,2011,RWE AG
,BNA0448,Nordrhein-Westfalen,Steinkohle,1957,Ja,Shamrock,132.0,stillgelegt,2013,Uniper SE
06-05-100-0081105,BNA0302,Nordrhein-Westfalen,Braunkohle,1957,Nein,Frimmersdorf,129.0,stillgelegt,2011,RWE AG
06-05-100-9021016,BNA0557a,Nordrhein-Westfalen,Steinkohle,1957,Ja,Kraftwerk L 57,26.0,in Betrieb,,Currenta GmbH & Co. OHG
06-05-300-0877384,BNA1021,Nordrhein-Westfalen,Braunkohle,1955,Ja,Weisweiler,123.0,stillgelegt,2012,RWE AG
,BNA1336,Nordrhein-Westfalen,Erdgas,1948,Ja,Holthausen,84.0,in Betrieb,,Henkel AG & Co.KGaA
,BNA0012b,Niedersachsen,Erdgas,1947,Ja,Werkskraftwerk Sappi Alfeld,11.0,in Betrieb,,Sappi Alfeld GmbH
,BNA0196,Sachsen-Anhalt,Braunkohle,1936,Ja,Deuben,67.0,in Betrieb,,Mitteldeutsche Braunkohlengesellschaft mbH
,BNA0856,Thüringen,Erdgas,1936,Ja,HKW Schwarza,26.5,in Betrieb,,Energie- und Medienversorgung Schwarza GmbH
,BNA1331,Nordrhein-Westfalen,Steinkohle,1923,ja,Reno De Medici,19.0,in Betrieb,,Reno De Medici Arnsberg GmbH
,BNA0755a,Bayern,Erdgas,1920,Ja,Obernburg,36.0,in Betrieb,,Kraftwerk Obernburg GmbH
,BNA1524,Niedersachsen,Erdgas,1912,Ja,Heizkraftwerk Bomlitz,22.1,in Betrieb,,Sales & Solutions GmbH
06-09-661-0020-0001,BNA1337a,Bayern,Erdgas,,Ja,Heizkraftwerk,27.0,stillgelegt,2012,DS Smith Paper Deutschland GmbH
